geocode,version,comments,ed91,oa2001,oa2011,has_valid_geocode
a1,Imperial-SoftwareScan1,,a1-ed91,a1-oa01,a1-oa11,Y
a2,Imperial-SoftwareScan1,,a2-ed91,a2-oa01,a2-oa11,Y
a3,Imperial-ManualGeocoding1,,a3-ed91,a3-oa01,a3-oa11,Y
a4,Imperial-SoftwareScan1,,a4-ed91,a4-oa01,a4-oa11,Y
a5,Imperial-ManualGeocoding1,,a5-ed91,a5-oa01,a5-oa11,Y
a6,Imperial-SoftwareScan1,,a6-ed91,a6-oa01,a6-oa11,Y
a7,Imperial-ManualGeocoding1,,a7-ed91,a7-oa01,a7-oa11,Y
a8,Imperial-SoftwareScan1,,a8-ed91,a8-oa01,a8-oa11,Y
